Serial Number,Build Sequence,Module Width,Module Length,Square Footage,HITCH BLM ID,HITCH Unit,HITCH Room,HITCH Room Type,REAR BLM ID,REAR Unit,REAR Room,REAR Room Type,Sidewall (X),Stair (X),3HR-Wall (X),Short (X),Double Studio (X),Sawbox (X)
25-0626,1,11.33,64.5,730.785,B1L2M52,C1.1-M,210,LIV / KIT,B1L2M52,C1,209,LIV / KIT,,,,,,
25-0627,2,11.33,57,645.81,B1L2M51,C1.1-M,210,BED / BA,B1L2M51,C1,209,BED / BA,,,,,,
25-0628,3,11.33,57,645.81,B1L2M50,A1-C,212,LIV / KIT,B1L2M50,A1,211,LIV / KIT,,,,,,
25-0629,4,11.33,57,645.81,B1L2M37,B1-M,220,BED / BA,B1L2M37,A1,221,BED / BA,,,,,,
25-0630,5,11.33,57,645.81,B1L2M43,A1,216,BED / BA,B1L2M43,A1,217,BED / BA,,,X,,,
25-0631,6,11.33,57,645.81,B1L3M37,B1-M,320,BED / BA,B1L3M37,B1,321,BED / BA,,,,,,
25-0632,7,11.33,57,645.81,B1L4M37,B1-M,420,BED / BA,B1L4M37,B1,421,BED / BA,,,,,,
25-0633,8,11.33,57,645.81,B1L2M67,TRASH / STOR,"C207, C208",COMMON,B1L2M67,B1,201,BED / BA,X,,,,,
25-0634,9,11.33,57,645.81,B1L5M37,B1-M,520,BED / BA,B1L5M37,B1,521,BED / BA,,,,,,
25-0635,10,11.33,57,645.81,B1L6M37,B1-M,620,BED / BA,B1L6M37,B1,621,BED / BA,,,,,,
25-0636,11,11.33,63.5,719.455,B1L2M48,STAIR 1,S1-2,STAIR,B1L2M48,CLUB HOUSE,C214,COMMON,,X,,,,
25-0637,12,11.33,57,645.81,B1L2M38,B1-M,220,LIV / KIT,B1L2M38,A1,221,LIV / KIT,,,,,,
25-0638,13,11.33,57,645.81,B1L3M43,A1,316,BED / BA,B1L3M43,A1,317,BED / BA,,,X,,,
25-0639,14,11.33,57,645.81,B1L3M38,B1-M,320,LIV / KIT,B1L3M38,B1,321,LIV / KIT,,,,,,
25-0640,15,11.33,57,645.81,B1L4M38,B1-M,420,LIV / KIT,B1L4M38,B1,421,LIV / KIT,,,,,,
25-0641,16,11.33,57,645.81,B1L5M38,B1-M,520,LIV / KIT,B1L5M38,B1,521,LIV / KIT,,,,,,
25-0642,17,11.33,57,645.81,B1L6M38,B1-M,620,LIV / KIT,B1L6M38,B1,621,LIV / KIT,,,,,,
25-0643,18,11.33,57,645.81,B1L2M39,B1-M,"220, C218",BED / STOR,B1L2M39,FITNESS,C218A,COMMON,,,,,,
25-0644,19,11.33,57,645.81,B1L4M43,A1,416,BED / BA,B1L4M43,A1,417,BED / BA,,,X,,,
25-0645,20,11.33,57,645.81,B1L3M39,B1-M,"320, C318",BED / STOR,B1L3M39,B1,"321, C318A",BED / STOR,,,,,,
25-0646,21,11.33,57,645.81,B1L4M39,B1-M,"420, C418",BED / STOR,B1L4M39,B1,"421, C418A",BED / STOR,,,,,,
25-0647,22,11.33,57,645.81,B1L3M67,TRASH / STOR,"C307, C308",COMMON,B1L3M67,B1,301,BED / BA,X,,,,,
25-0648,23,11.33,57,645.81,B1L5M39,B1-M,"520, C518",BED / STOR,B1L5M39,B1,"521, C518A",BED / STOR,,,,,,
25-0649,24,11.33,57,645.81,B1L6M39,B1-M,"620, C618",BED / STOR,B1L6M39,B1,"621, C618A",BED / STOR,,,,,,
25-0650,25,11.33,57,645.81,B1L2M40,A1-C,218,BED / BA,B1L2M40,FITNESS,C218A,COMMON,,,,,,
25-0651,26,11.33,57,645.81,B1L5M43,A1,516,BED / BA,B1L5M43,A1,517,BED / BA,,,X,,,
25-0652,27,11.33,57,645.81,B1L3M40,A1,318,BED / BA,B1L3M40,A1,319,BED / BA,,,,,,
25-0653,28,11.33,57,645.81,B1L4M40,A1,418,BED / BA,B1L4M40,A1,419,BED / BA,,,,,,
25-0654,29,11.33,63.5,719.455,B1L3M48,STAIR 1,S1-3,STAIR,B1L3M48,A3,313,BED / BA,,X,,,,
25-0655,30,11.33,57,645.81,B1L6M40,A1,618,BED / BA,B1L6M40,A1,619,BED / BA,,,,,,
25-0656,31,11.33,57,645.81,B1L5M40,A1,518,BED / BA,B1L5M40,A1,519,BED / BA,,,,,,
25-0657,32,11.33,57,645.81,B1L2M41,A1-C,218,LIV / KIT,B1L2M41,FITNESS,C218A,COMMON,,,,,,
25-0658,33,11.33,57,645.81,B1L6M43,A1,616,BED / BA,B1L6M43,A1,617,BED / BA,,,X,,,
25-0659,34,11.33,57,645.81,B1L3M41,A1,318,LIV / KIT,B1L3M41,A1,319,LIV / KIT,,,,,,
25-0660,35,11.33,57,645.81,B1L4M41,A1,418,LIV / KIT,B1L4M41,A1,419,LIV / KIT,,,,,,
25-0661,36,11.33,57,645.81,B1L4M67,TRASH / STOR,"C407, C408",COMMON,B1L4M67,B1,401,BED / BA,X,,,,,
25-0662,37,11.33,57,645.81,B1L5M41,A1,518,LIV / KIT,B1L5M41,A1,519,LIV / KIT,,,,,,
25-0663,38,11.33,57,645.81,B1L6M41,A1,618,LIV / KIT,B1L6M41,A1,619,LIV / KIT,,,,,,
25-0664,39,11.33,57,645.81,B1L2M42,A1,216,LIV / KIT,B1L2M42,A1,217,LIV / KIT,,,,,,
25-0665,40,11.33,57,645.81,B1L2M44,A1-M,214,BED / BA,B1L2M44,A3,215,BED / BA,,,X,,,
25-0666,41,11.33,57,645.81,B1L3M42,A1,316,LIV / KIT,B1L3M42,A1,317,LIV / KIT,,,,,,
25-0667,42,11.33,57,645.81,B1L4M42,A1,416,LIV / KIT,B1L4M42,A1,417,LIV / KIT,,,,,,
25-0668,43,11.33,57,645.81,B1L5M42,A1,516,LIV / KIT,B1L5M42,A1,517,LIV / KIT,,,,,,
25-0669,44,11.33,57,645.81,B1L5M67,TRASH / STOR,"C507, C508",COMMON,B1L5M67,B1,501,BED / BA,X,,,,,
25-0670,45,11.33,57,645.81,B1L6M42,A1,616,LIV / KIT,B1L6M42,A1,617,LIV / KIT,,,,,,
25-0671,46,11.33,68,770.44,B1L2M45,A1-M,214,LIV / KIT,B1L2M45,A3 / JAN,"215, C217",LIV / KIT / COMMON,,,,,,
25-0672,47,11.33,57,645.81,B1L3M44,A1-M,314,BED / BA,B1L3M44,A3,315,BED / BA,,,X,,,
25-0673,48,11.33,68,770.44,B1L3M45,A1-M,314,LIV / KIT,B1L3M45,A3 / JAN,"315, C317",LIV / KIT / COMMON,,,,,,
25-0674,49,11.33,68,770.44,B1L3M47,STOR. / ELEV. 1,"C314, E1-3",COMMON,B1L3M47,A3 / STOR,"313, C315",LIV / KIT / STOR,,,,,,
25-0675,50,11.33,57,645.81,B1L6M67,TRASH / STOR,"C607, C608",COMMON,B1L6M67,B1,601,BED / BA,X,,,,,
25-0676,51,11.33,68,770.44,B1L4M45,A1-M,414,LIV / KIT,B1L4M45,A3 / JAN,"415, C417",LIV / KIT / COMMON,,,,,,
25-0677,52,11.33,63.5,719.455,B1L4M48,STAIR 1,S1-4,STAIR,B1L4M48,A3,413,BED / BA,,X,,,,
25-0678,53,11.33,68,770.44,B1L5M45,A1,514,LIV / KIT,B1L5M45,A3 / JAN,"515, C517",LIV / KIT / COMMON,,,,,,
25-0679,54,11.33,68,770.44,B1L6M45,A1,614,LIV / KIT,B1L6M45,A3 / JAN,"615, C617",LIV / KIT / COMMON,,,,,,
25-0680,55,12.17,68,827.56,B1L2M46,RR MEN / ELEC. 1,"C215A, C216",COMMON,B1L2M46,CORRIDOR / CLUB HOUSE,C214,COMMON,,,,,,
25-0681,56,11.33,57,645.81,B1L4M44,A1-M,414,BED / BA,B1L4M44,A3,415,BED / BA,,,X,,,
25-0682,57,11.33,68,770.44,B1L4M47,STOR. / ELEV. 1,"C414, E1-4",COMMON,B1L4M47,A3 / STOR,"413, C415",LIV / KIT / STOR,,,,,,
25-0683,58,12.17,68,827.56,B1L3M46,LAUNDRY 3,C316,COMMON,B1L3M46,CORRIDOR / STOR,"C337, C338, C339",,,,,,,
25-0684,59,11.33,63.5,719.455,B1L5M48,STAIR 1,S1-5,STAIR,B1L5M48,A3,513,BED / BA,,X,,,,
25-0685,60,11.33,57,645.81,B1L5M44,A1,514,BED / BA,B1L5M44,A3,515,BED / BA,,,X,,,
25-0686,61,11.33,68,770.44,B1L5M47,STOR. / ELEV. 1,"C514, E1-5",COMMON,B1L5M47,A3 / STOR,"513, C515",LIV / KIT / STOR,,,,,,
25-0687,62,11.33,57,645.81,B1L3M51,C1.1-M,310,BED / BA,B1L3M51,C1,309,BED / BA,,,,,,
25-0688,63,11.33,57,645.81,B1L6M44,A1,614,BED / BA,B1L6M44,A3,615,BED / BA,,,X,,,
25-0689,64,11.33,57,645.81,B1L2M49,A1-C,212,BED / BA,B1L2M49,A1,211,BED / BA,,,,,,
25-0690,65,11.33,68,770.44,B1L6M47,STOR. / ELEV. 1,"C614, E1-6",COMMON,B1L6M47,A3 / STOR,"613, C615",LIV / KIT / STOR,,,,,,
25-0691,66,12.17,68,827.56,B1L4M46,LAUNDRY 3,C416,COMMON,B1L4M46,CORRIDOR / STOR,"C437, C438, C439",,,,,,,
25-0692,67,11.33,57,645.81,B1L3M49,A1-C,312,BED / BA,B1L3M49,A1,311,BED / BA,,,,,,
25-0693,68,11.33,57,645.81,B1L2M54,C1.1-M,210,BED / BA,B1L2M54,C1,209,BED / BA,,,X,,,
25-0694,69,11.33,57,645.81,B1L4M49,A1-C,412,BED / BA,B1L4M49,A1,411,BED / BA,,,,,,
25-0695,70,11.33,57,645.81,B1L5M49,A1-C,512,BED / BA,B1L5M49,A1,511,BED / BA,,,,,,
25-0696,71,15.25,26.58,405.345,B1L6M69,ELEV. 2 / STOR,"E2-6, C606",COMMON,B1L6M69,ELEV. 2 / STOR,"E2-6, C606",COMMON,X,,,X,,
25-0697,72,11.33,57,645.81,B1L3M50,A1-C,312,LIV / KIT,B1L3M50,A1,311,LIV / KIT,,,,,,
25-0698,73,11.33,57,645.81,B1L3M54,C1.1-M,310,BED / BA,B1L3M54,C1,309,BED / BA,,,X,,,
25-0699,74,11.33,57,645.81,B1L4M50,A1-C,412,LIV / KIT,B1L4M50,A1,411,LIV / KIT,,,,,,
25-0700,75,11.33,57,645.81,B1L6M49,A1-C,612,BED / BA,B1L6M49,A1,611,BED / BA,,,,,,
25-0702,76,11.33,57,645.81,B1L5M50,A1-C,512,LIV / KIT,B1L5M50,A1,511,LIV / KIT,,,,,,
25-0703,77,0,57,0,B1L6M50,A1-C,612,LIV / KIT,B1L6M50,A1,611,LIV / KIT,,,,,,
25-0704,78,11.33,57,645.81,B1L4M54,C1.1-M,410,BED / BA,B1L4M54,C1,409,BED / BA,,,X,,,
25-0705,79,11.33,63.5,719.455,B1L6M48,STAIR 1,S1-6,STAIR,B1L6M48,A3,613,BED / BA,,X,,,,
25-0706,80,12.17,68,827.56,B1L5M46,LAUNDRY 3,C516,COMMON,B1L5M46,CORRIDOR / STOR,"C537, C538, C539",,,,,,,
25-0707,81,11.33,57,645.81,B1L4M51,C1.1-M,410,BED / BA,B1L4M51,C1,409,BED / BA,,,,,,
25-0708,82,11.33,57,645.81,B1L5M51,C1.1-M,510,BED / BA,B1L5M51,C1,509,BED / BA,,,,,,
25-0701,83,15.25,53.16,810.69,B1L3M69,ELEV. 2 / STOR,"E2-3, C306",COMMON,B1L2M69,ELEV. 2 / LAUNDRY 1,"E2-2, C206",COMMON,X,,,,,
25-0709,84,11.33,57,645.81,B1L6M51,C1.1 MGR,610,BED / BA,B1L6M51,C1-M,609,BED / BA,,,,,,
25-0710,85,11.33,57,645.81,B1L5M54,C1.1-M,510,BED / BA,B1L5M54,C1,509,BED / BA,,,X,,,
25-0711,86,11.33,64.5,730.785,B1L3M52,C1.1-M,310,LIV / KIT,B1L3M52,C1,309,LIV / KIT,,,,,,
25-0712,87,11.33,64.5,730.785,B1L4M52,C1.1-M,410,LIV / KIT,B1L4M52,C1,409,LIV / KIT,,,,,,
25-0713,88,15.25,53.16,810.69,B1L5M69,ELEV. 2 / STOR,"E2-5, C506",COMMON,B1L4M69,ELEV. 2 / STOR,"E2-4, C406",COMMON,X,,,,,
25-0714,89,11.33,64.5,730.785,B1L5M52,C1.1-M,510,LIV / KIT,B1L5M52,C1,509,LIV / KIT,,,,,,
25-0715,90,10,32.5,325,B1L6M68,STAIR 2,S2-6,STAIR,B1L6M68,STAIR 2,S2-6,STAIR,,X,,X,,
25-0716,91,11.33,64.5,730.785,B1L6M52,C1.1 MGR,610,LIV / KIT,B1L6M52,C1-M,609,LIV / KIT,,,,,,
25-0717,92,11.33,62,702.46,B1L2M53,C1.1-M,210,BED / HALL,B1L2M53,C1,209,BED / HALL,,,,,,
25-0718,93,11.33,57,645.81,B1L6M54,C1.1 MGR,610,BED / BA,B1L6M54,C1-M,609,BED / BA,,,X,,,
25-0719,94,11.33,62,702.46,B1L3M53,C1.1-M,310,BED / HALL,B1L3M53,C1,309,BED / HALL,,,,,,
25-0720,95,11.33,62,702.46,B1L4M53,C1.1-M,410,BED / HALL,B1L4M53,C1,409,BED / HALL,,,,,,
25-0721,96,10,65,650,B1L3M68,STAIR 2,S2-3,STAIR,B1L2M68,STAIR 2,S2-2,STAIR,,X,,,,
25-0722,97,11.33,62,702.46,B1L5M53,C1.1-M,510,BED / HALL,B1L5M53,C1,509,BED / HALL,,,,,,
25-0723,98,11.33,73.83,836.4939,B1L2M10,B1 / ELEV. 3,"250, E3-2",BED / ELEV,B1L2M10,B1  / COOR,251,BED,X,,,,,
25-0724,99,11.33,62,702.46,B1L6M53,C1.1 MGR,610,BED / HALL,B1L6M53,C1-M,609,BED / HALL,,,,,,
25-0725,100,11.33,71,804.43,B1L2M56,C2.1,208,LIV / KIT,B1L2M56,C2,207,LIV / KIT,,,,,,
25-0726,101,11.33,64,725.12,B1L2M55,C2.1,208,BED / BA,B1L2M55,C2 / STOR,"207, C212",BED / BA / STOR,,,X,,,
25-0727,102,11.33,71,804.43,B1L3M56,C2.1,308,LIV / KIT,B1L3M56,C2,307,LIV / KIT,,,,,,
25-0728,103,11.33,71,804.43,B1L4M56,C2.1,408,LIV / KIT,B1L4M56,C2,407,LIV / KIT,,,,,,
25-0729,104,12.17,68,827.56,B1L6M46,LAUNDRY 3,C616,COMMON,B1L6M46,CORRIDOR / STOR,"C637, C638, C639",,,,,,,
25-0730,105,11.33,73.83,836.4939,B1L3M10,B1 / ELEV. 3,"350, E3-3",BED / ELEV,B1L3M10,B1  / COOR,351,BED,X,,,,,
25-0731,106,11.33,71,804.43,B1L5M56,C2.1,508,LIV / KIT,B1L5M56,C2,507,LIV / KIT,,,,,,
25-0732,107,11.33,71,804.43,B1L6M56,C2.1,608,LIV / KIT,B1L6M56,C2,607,LIV / KIT,,,,,,
25-0733,108,11.33,71.83,813.8339,B1L2M57,C2.1,208,BED / BA / BED,B1L2M57,C2,207,BED / BA / BED,,,,,,
25-0734,109,11.33,64,725.12,B1L3M55,C2.1,308,BED / BA,B1L3M55,C2 / STOR,"307, C312",BED / BA / STOR,,,X,,,
25-0735,110,11.33,71.83,813.8339,B1L3M57,C2.1,308,BED / BA / BED,B1L3M57,C2,307,BED / BA / BED,,,,,,
25-0736,111,11.33,71.83,813.8339,B1L4M57,C2.1,408,BED / BA / BED,B1L4M57,C2,407,BED / BA / BED,,,,,,
25-0738,112,11.33,71.83,813.8339,B1L5M57,C2.1,508,BED / BA / BED,B1L5M57,C2,507,BED / BA / BED,,,,,,
25-0740,113,11.33,71.83,813.8339,B1L6M57,C2.1,608,BED / BA / BED,B1L6M57,C2,607,BED / BA / BED,,,,,,
25-0741,114,11.33,71.83,813.8339,B1L2M58,C2.1,206,BED / BA / BED,B1L2M58,C2-M,205,BED / BA / BED,,,,,,
25-0742,115,11.33,64,725.12,B1L4M55,C2.1,408,BED / BA,B1L4M55,C2 / STOR,"407, C412",BED / BA / STOR,,,X,,,
25-0743,116,11.33,71.83,813.8339,B1L3M58,C2.1,306,BED / BA / BED,B1L3M58,C2-M,305,BED / BA / BED,,,,,,
25-0744,117,11.33,71.83,813.8339,B1L4M58,C2.1,406,BED / BA / BED,B1L4M58,C2-M,405,BED / BA / BED,,,,,,
25-0745,118,11.33,71.83,813.8339,B1L5M58,C2.1,506,BED / BA / BED,B1L5M58,C2-M,505,BED / BA / BED,,,,,,
25-0750,119,11.33,71,804.43,B1L3M59,C2.1,306,LIV / KIT,B1L3M59,C2-M,305,LIV / KIT,,,,,,
25-0751,120,11.33,71,804.43,B1L4M59,C2.1,406,LIV / KIT,B1L4M59,C2-M,405,LIV / KIT,,,,,,
25-0748,121,11.33,71,804.43,B1L2M59,C2.1,206,LIV / KIT,B1L2M59,C2-M,205,LIV / KIT,,,,,,
25-0749,122,11.33,64,725.12,B1L5M55,C2.1,508,BED / BA,B1L5M55,C2 / STOR,"507, C512",BED / BA / STOR,,,X,,,
25-0746,123,11.33,68,770.44,B1L2M47,RR WOMEN / ELEV. 1,C215 / E1-2,COMMON,B1L2M47,CLUB HOUSE,214,COMMON,,,,,,
25-0747,124,11.33,71.83,813.8339,B1L6M58,C2.1,606,BED / BA / BED,B1L6M58,C2,605,BED / BA / BED,,,,,,
25-0752,125,10.17,38.17,388.1889,B1L2M12,STAIR 3,S3-2,STAIR,B1L2M12,STAIR 3,S3-2,STAIR,,X,,X,,
25-0753,126,11.33,71,804.43,B1L5M59,C2.1,506,LIV / KIT,B1L5M59,C2-M,505,LIV / KIT,,,,,,
25-0754,127,11.33,73.83,836.4939,B1L5M10,B1 / ELEV. 3,"550, E3-5",BED / ELEV,B1L5M10,B1  / COOR,551,BED,X,,,,,
25-0755,128,11.33,71,804.43,B1L6M59,C2.1,606,LIV / KIT,B1L6M59,C2,605,LIV / KIT,,,,,,
25-0756,129,11.33,64,725.12,B1L2M60,C2.1,206,BED / BA,B1L2M60,C2-M / STOR,"205, C210",BED / BA / STOR,,,,,,
25-0757,130,11.33,64,725.12,B1L6M55,C2.1,608,BED / BA,B1L6M55,C2 / STOR,"607, C612",BED / BA / STOR,,,X,,,
25-0758,131,11.33,64,725.12,B1L3M60,C2.1,306,BED / BA,B1L3M60,C2-M / STOR,"305, C310",BED / BA / STOR,,,,,,
25-0759,132,11.33,64,725.12,B1L4M60,C2.1,406,BED / BA,B1L4M60,C2-M / STOR,"405, C410",BED / BA / STOR,,,,,,
25-0760,133,10.17,38.17,388.1889,B1L3M12,STAIR 3,S3-3,STAIR,B1L3M12,STAIR 3,S3-3,STAIR,,X,,X,,
25-0761,134,11.33,64,725.12,B1L5M60,C2.1,506,BED / BA,B1L5M60,C2-M / STOR,"505, C510",BED / BA / STOR,,,,,,
25-0762,135,11.33,73.83,836.4939,B1L6M10,B1 / ELEV. 3,"650, E3-6",BED / ELEV,B1L6M10,B1  / COOR,651,BED,X,,,,,
25-0763,136,11.33,57,645.81,B1L2M61,C1.1-C,204,BED / BA,B1L2M61,C1,203,BED / BA,,,,,,
25-0764,137,11.33,64,725.12,B1L6M60,C2.1,606,BED / BA,B1L6M60,C2 / STOR,"605, C610",BED / BA / STOR,,,,,,
25-0765,138,13.33,72,959.76,B1L2M01,"ENTRY, STOR",C237,COMMON,B1L2M01,S1-C,257,STUDIO,X,,XX,,,
25-0766,139,11.33,57,645.81,B1L3M61,C1.1,304,BED / BA,B1L3M61,C1,303,BED / BA,,,,,,
25-0767,140,11.33,57,645.81,B1L4M61,C1.1,404,BED / BA,B1L4M61,C1,403,BED / BA,,,,,,
25-0768,141,13.5,32,432,B1L6M11,S1,648,STUDIO,B1L6M11,S1,648,STUDIO,X,,,X,x,x
25-0737,142,10,65,650,B1L5M68,STAIR 2,S2-5,STAIR,B1L4M68,STAIR 2,S2-4,STAIR,,X,,,,
25-0769,143,11.33,57,645.81,B1L5M61,C1.1,504,BED / BA,B1L5M61,C1,503,BED / BA,,,,,,
25-0770,144,11.33,57,645.81,B1L6M61,C1.1 MGR,604,BED / BA,B1L6M61,C1,603,BED / BA,,,,,,
25-0771,145,11.33,62,702.46,B1L2M62,C1.1-C,204,BED / HALL,B1L2M62,C1,203,BED / HALL,,,,,,
25-0772,146,11.33,73.83,836.4939,B1L2M02,C2-C,254,BED / BA / BED,B1L2M02,C2,255,BED / BA / BED,,,X,,,
25-0773,147,11.33,62,702.46,B1L3M62,C1.1,304,BED / HALL,B1L3M62,C1,303,BED / HALL,,,,,,
25-0774,148,10.17,38.17,388.1889,B1L4M12,STAIR 3,S3-4,STAIR,B1L4M12,STAIR 3,S3-4,STAIR,,X,,X,,
25-0775,149,11.33,62,702.46,B1L4M62,C1.1,404,BED / HALL,B1L4M62,C1,403,BED / HALL,,,,,,
25-0776,150,13.5,65,877.5,B1L3M11,S1,348,STUDIO,B1L2M11,S1,248,STUDIO,X,,,,x,x
25-0777,151,11.33,62,702.46,B1L5M62,C1.1,504,BED / HALL,B1L5M62,C1,503,BED / HALL,,,,,,
25-0778,152,11.33,62,702.46,B1L6M62,C1.1 MGR,604,BED / HALL,B1L6M62,C1,603,BED / HALL,,,,,,
25-0779,153,11.33,64.5,730.785,B1L2M63,C1.1-C,204,LIV / KIT,B1L2M63,C1,203,LIV / KIT,,,,,,
25-0780,154,13.33,72,959.76,B1L3M01,S1,356,STUDIO,B1L3M01,S1-C,357,STUDIO,X,,XX,,x,x
25-0781,155,11.33,64.5,730.785,B1L3M63,C1.1,304,LIV / KIT,B1L3M63,C1,303,LIV / KIT,,,,,,
25-0782,156,11.33,64.5,730.785,B1L4M63,C1.1,404,LIV / KIT,B1L4M63,C1,403,LIV / KIT,,,,,,
25-0783,157,10.17,38.17,388.1889,B1L5M12,STAIR 3,S3-5,STAIR,B1L5M12,STAIR 3,S3-5,STAIR,,X,,X,,
25-0784,158,11.33,64.5,730.785,B1L5M63,C1.1,504,LIV / KIT,B1L5M63,C1,503,LIV / KIT,,,,,,
25-0785,159,13.5,65,877.5,B1L5M11,S1,548,STUDIO,B1L4M11,S1,448,STUDIO,X,,,,x,x
25-0786,160,11.33,64.5,730.785,B1L6M63,C1.1 MGR,604,LIV / KIT,B1L6M63,C1,603,LIV / KIT,,,,,,
25-0787,161,11.33,57,645.81,B1L2M64,C1.1-C,204,BED / BA,B1L2M64,C1,203,BED / BA,,,,,,
25-0788,162,11.33,73.83,836.4939,B1L3M02,C2-C,354,BED / BA / BED,B1L3M02,C2,355,BED / BA / BED,,,X,,,
25-0789,163,11.33,57,645.81,B1L3M64,C1.1,304,BED / BA,B1L3M64,C1,303,BED / BA,,,,,,
25-0790,164,11.33,57,645.81,B1L4M64,C1.1,404,BED / BA,B1L4M64,C1,403,BED / BA,,,,,,
25-0791,165,13.5,38.33,517.455,B1L2M21,S2,232,STUDIO,B1L2M21,S2,232,STUDIO,X,,,X,x,x
25-0792,166,11.33,57,645.81,B1L5M64,C1.1,504,BED / BA,B1L5M64,C1,503,BED / BA,,,,,,
25-0793,167,11.33,57,645.81,B1L6M64,C1.1 MGR,604,BED / BA,B1L6M64,C1,603,BED / BA,,,,,,
25-0794,168,11.33,57,645.81,B1L2M65,A1,202,BED / BA,B1L2M65,B1 / STOR,"201, C209",BED / STOR,,,,,,
25-0795,169,13.33,72,959.76,B1L4M01,S1,456,STUDIO,B1L4M01,S1-C,457,STUDIO,X,,XX,,x,x
25-0796,170,11.33,57,645.81,B1L3M65,A1,302,BED / BA,B1L3M65,B1 / STOR,"301, C309",BED / STOR,,,,,,
25-0797,171,11.33,57,645.81,B1L4M65,A1,402,BED / BA,B1L4M65,B1 / STOR,"401, C409",BED / STOR,,,,,,
25-0798,172,13.33,38.33,510.9389,B1L2M17,S1,240,STUDIO,B1L2M17,S1,240,STUDIO,,,,X,x,x
25-0799,173,11.33,57,645.81,B1L5M65,A1,502,BED / BA,B1L5M65,B1 / STOR,"501, C509",BED / STOR,,,,,,
25-0800,174,11.33,57,645.81,B1L6M65,A1,602,BED / BA,B1L6M65,B1 / STOR,"601, C609",BED / STOR,,,,,,
25-0801,175,11.33,73.83,836.4939,B1L4M02,C2-C,454,BED / BA / BED,B1L4M02,C2,455,BED / BA / BED,,,X,,,
25-0802,176,11.33,57,645.81,B1L2M66,A1,202,LIV / KIT,B1L2M66,B1,201,LIV / KIT,,,,,,
25-0803,177,13.5,38.33,517.455,B1L3M21,S1,332,STUDIO,B1L3M21,S1,332,STUDIO,X,,,X,x,x
25-0804,178,11.33,57,645.81,B1L3M66,A1,302,LIV / KIT,B1L3M66,B1,301,LIV / KIT,,,,,,
25-0805,179,11.33,57,645.81,B1L4M66,A1,402,LIV / KIT,B1L4M66,B1,401,LIV / KIT,,,,,,
25-0806,180,13.33,38.33,510.9389,B1L3M17,S1,340,STUDIO,B1L3M17,S1,340,STUDIO,,,,X,x,x
25-0807,181,13.33,72,959.76,B1L5M01,S1,556,STUDIO,B1L5M01,S1-C,557,STUDIO,X,,XX,,x,x
25-0808,182,11.33,57,645.81,B1L5M66,A1,502,LIV / KIT,B1L5M66,B1,501,LIV / KIT,,,,,,
25-0809,183,11.33,40.33,456.9389,B1L2M13,TRASH / STOR,"C232, C231, C230, C229",COMMON,B1L2M13,TRASH / STOR,"C232, C231, C230, C229",COMMON,,,,X,,
25-0810,184,11.33,57,645.81,B1L6M66,A1,602,LIV / KIT,B1L6M66,B1,601,LIV / KIT,,,,,,
25-0811,185,11.33,72.17,817.6861,B1L2M03,C2-C,254,LIV / KIT,B1L2M03,C2,255,LIV / KIT,,,,,,
25-0812,186,11.33,73.83,836.4939,B1L5M02,C2-C,554,BED / BA / BED,B1L5M02,C2,555,BED / BA / BED,,,X,,,
25-0813,187,11.33,72.17,817.6861,B1L3M03,C2-C,354,LIV / KIT,B1L3M03,C2,355,LIV / KIT,,,,,,
25-0814,188,13.5,38.33,517.455,B1L4M21,S1,432,STUDIO,B1L4M21,S1,432,STUDIO,X,,,X,x,x
25-0815,189,11.33,72.17,817.6861,B1L6M03,C2-C,654,LIV / KIT,B1L6M03,C2,655,LIV / KIT,,,,,,
25-0816,190,11.33,72.17,817.6861,B1L4M03,C2-C,454,LIV / KIT,B1L4M03,C2,455,LIV / KIT,,,,,,
25-0817,191,13.33,38.33,510.9389,B1L4M17,S1,440,STUDIO,B1L4M17,S1,440,STUDIO,,,,X,x,x
25-0818,192,11.33,72.17,817.6861,B1L5M03,C2-C,554,LIV / KIT,B1L5M03,C2,555,LIV / KIT,,,,,,
25-0819,193,11.33,73.83,836.4939,B1L6M02,C2-C,654,BED / BA / BED,B1L6M02,C2,655,BED / BA / BED,,,X,,,
25-0820,194,11.33,72.17,817.6861,B1L2M04,"C2-C, STOR","254, C236",BED / BA / STOR,B1L2M04,"C2, STOR","255, C235",BED / BA / STOR,,,,,,
25-0821,195,11.33,72.17,817.6861,B1L3M04,"C2-C, STOR","354, C336",BED / BA / STOR,B1L3M04,"C2, STOR","355, C335",BED / BA / STOR,,,,,,
25-0822,196,13.5,38.33,517.455,B1L5M21,S1,532,STUDIO,B1L5M21,S1,532,STUDIO,X,,,X,x,x
25-0823,197,11.33,72.17,817.6861,B1L4M04,"C2-C, STOR","454, C436",BED / BA / STOR,B1L4M04,"C2, STOR","455, C435",BED / BA / STOR,,,,,,
25-0824,198,11.33,40.33,456.9389,B1L3M13,TRASH / STOR,"C332, C331, C330, C329",COMMON,B1L3M13,TRASH / STOR,"C332, C331, C330, C329",COMMON,,,,X,,
25-0739,199,11.33,73.83,836.4939,B1L4M10,B1 / ELEV. 3,"450, E3-4",BED / ELEV,B1L4M10,B1  / COOR,451,BED,X,,,,,
25-0825,200,11.33,72.17,817.6861,B1L5M04,"C2-C, STOR","554, C536",BED / BA / STOR,B1L5M04,"C2, STOR","555, C535",BED / BA / STOR,,,,,,
25-0826,201,13.33,38.33,510.9389,B1L5M17,S1,540,STUDIO,B1L5M17,S1,540,STUDIO,,,,X,x,x
25-0827,202,11.33,72.17,817.6861,B1L6M04,"C2-C, STOR","654, C636",BED / BA / STOR,B1L6M04,"C2, STOR","655, C635",BED / BA / STOR,,,,,,
25-0828,203,13.33,40.33,537.5989,B1L2M15,S1.1,244,STUDIO,B1L2M15,S1.1,244,STUDIO,,,X,X,x,x
25-0829,204,11.33,64,725.12,B1L2M05,"B1, STOR","252, C234",BED / STOR,B1L2M05,"C2, STOR","253, C233",BED / BA / STOR,,,,,,
25-0830,205,11.33,64,725.12,B1L3M05,"B1, STOR","352, C334",BED / STOR,B1L3M05,"C2, STOR","353, C333",BED / BA / STOR,,,,,,
25-0831,206,13.5,38.33,517.455,B1L6M21,S1,632,STUDIO,B1L6M21,S1,632,STUDIO,X,,,X,x,x
25-0832,207,11.33,64,725.12,B1L4M05,"B1, STOR","452, C434",BED / STOR,B1L4M05,"C2, STOR","453, C433",BED / BA / STOR,,,,,,
25-0833,208,13.33,40.33,537.5989,B1L2M14,S1.1-M,246,STUDIO,B1L2M14,S1.1-M,246,STUDIO,,,,X,x,x
25-0834,209,11.33,64,725.12,B1L5M05,"B1, STOR","552, C534",BED / STOR,B1L5M05,"C2, STOR","553, C533",BED / BA / STOR,,,,,,
25-0835,210,11.33,64,725.12,B1L6M05,"B1, STOR","652, C634",BED / STOR,B1L6M05,"C2, STOR","653, C633",BED / BA / STOR,,,,,,
25-0836,211,13.33,40.33,537.5989,B1L3M15,S1.1,344,STUDIO,B1L3M15,S1.1,344,STUDIO,,,X,X,x,x
25-0837,212,11.33,64,725.12,B1L2M06,B1,252,LIV / KIT,B1L2M06,C2,253,LIV / KIT,,,,,,
25-0838,213,11.33,64,725.12,B1L3M06,B1,352,LIV / KIT,B1L3M06,C2,353,LIV / KIT,,,,,,
25-0839,214,11.33,64,725.12,B1L4M06,B1,452,LIV / KIT,B1L4M06,C2,453,LIV / KIT,,,,,,
25-0840,215,11.33,57,645.81,B1L2M31,B1,226,BED / BA,B1L2M31,B1-M,223,BED / BA,X,,,,,
25-0841,216,11.33,64,725.12,B1L5M06,B1,552,LIV / KIT,B1L5M06,C2,553,LIV / KIT,,,,,,
25-0842,217,11.33,64,725.12,B1L6M06,B1,652,LIV / KIT,B1L6M06,C2,653,LIV / KIT,,,,,,
25-0843,218,13.33,40.33,537.5989,B1L4M15,S1.1,444,STUDIO,B1L4M15,S1.1,444,STUDIO,,,X,X,x,x
25-0844,219,11.33,64.83,734.5239,B1L2M07,B1,252,BED / BA,B1L2M07,C2,253,BED / BA / BED,,,,,,
25-0845,220,13.33,40.33,537.5989,B1L3M14,S1.1-M,346,STUDIO,B1L3M14,S1.1-M,346,STUDIO,,,,X,x,x
25-0846,221,11.33,64.83,734.5239,B1L3M07,B1,352,BED / BA,B1L3M07,C2,353,BED / BA / BED,,,,,,
25-0847,222,11.33,40.33,456.9389,B1L4M13,TRASH / STOR,"C432, C431, C430, C429",COMMON,B1L4M13,TRASH / STOR,"C432, C431, C430, C429",COMMON,,,,X,,
25-0848,223,11.33,64.83,734.5239,B1L4M07,B1,452,BED / BA,B1L4M07,C2,453,BED / BA / BED,,,,,,
25-0849,224,13.33,40.33,537.5989,B1L5M15,S1.1,544,STUDIO,B1L5M15,S1.1,544,STUDIO,,,X,X,x,x
25-0850,225,11.33,64.83,734.5239,B1L6M07,B1,652,BED / BA,B1L6M07,C2,653,BED / BA / BED,,,,,,
25-0851,226,11.33,64.83,734.5239,B1L5M07,B1,552,BED / BA,B1L5M07,C2,553,BED / BA / BED,,,,,,
25-0852,227,13.33,40.33,537.5989,B1L4M14,S1.1-M,446,STUDIO,B1L4M14,S1.1-M,446,STUDIO,,,,X,x,x
25-0853,228,13.33,40.33,537.5989,B1L6M15,S1.1,644,STUDIO,B1L6M15,S1.1,644,STUDIO,,,X,X,x,x
25-0854,229,11.33,57,645.81,B1L2M08,B1,250,BED / BA,B1L2M08,B1 ,251,BED / BA,,,,,,
25-0855,230,13.33,38.33,510.9389,B1L2M18,S1,238,STUDIO,B1L2M18,S1,238,STUDIO,,,,X,x,x
25-0856,231,11.33,57,645.81,B1L3M08,B1,350,BED / BA,B1L3M08,B1 ,351,BED / BA,,,,,,
25-0857,232,11.33,57,645.81,B1L3M31,B1,326,BED / BA,B1L3M31,B1-M,323,BED / BA,X,,,,,
25-0858,233,11.33,57,645.81,B1L4M08,B1,450,BED / BA,B1L4M08,B1 ,451,BED / BA,,,,,,
25-0859,234,11.33,57,645.81,B1L5M08,B1,550,BED / BA,B1L5M08,B1 ,551,BED / BA,,,,,,
25-0860,235,13.33,40.33,537.5989,B1L2M16,S1.1,242,STUDIO,B1L2M16,S1.1,242,STUDIO,,,X,X,x,x
25-0861,236,11.33,57,645.81,B1L2M09,B1,250,LIV / KIT,B1L2M09,B1 ,251,LIV / KIT,,,,,,
25-0862,237,13.33,38.33,510.9389,B1L3M18,S1,338,STUDIO,B1L3M18,S1,338,STUDIO,,,,X,x,x
25-0863,238,11.33,57,645.81,B1L3M09,B1,350,LIV / KIT,B1L3M09,B1 ,351,LIV / KIT,,,,,,
25-0864,239,13.33,40.33,537.5989,B1L3M16,S1.1,342,STUDIO,B1L3M16,S1.1,342,STUDIO,,,X,X,x,x
25-0865,240,11.33,40.33,456.9389,B1L5M13,TRASH / STOR,"C532, C531, C530, C529",COMMON,B1L5M13,TRASH / STOR,"C532, C531, C530, C529",COMMON,,,,X,,
25-0866,241,11.33,57,645.81,B1L6M08,B1,650,BED / BA,B1L6M08,B1 ,651,BED / BA,,,,,,
25-0867,242,11.33,57,645.81,B1L4M09,B1,450,LIV / KIT,B1L4M09,B1 ,451,LIV / KIT,,,,,,
25-0868,243,13.33,38.33,510.9389,B1L4M18,S1,438,STUDIO,B1L4M18,S1,438,STUDIO,,,,X,x,x
25-0869,244,13.33,40.33,537.5989,B1L4M16,S1.1,442,STUDIO,B1L4M16,S1.1,442,STUDIO,,,X,X,x,x
25-0870,245,11.33,57,645.81,B1L5M09,B1,550,LIV / KIT,B1L5M09,B1 ,551,LIV / KIT,,,,,,
25-0871,246,11.33,57,645.81,B1L4M31,B1,426,BED / BA,B1L4M31,B1-M,423,BED / BA,X,,,,,
25-0872,247,11.33,57,645.81,B1L6M09,B1,650,LIV / KIT,B1L6M09,B1 ,651,LIV / KIT,,,,,,
25-0873,248,13.33,40.33,537.5989,B1L5M16,S1.1,542,STUDIO,B1L5M16,S1.1,542,STUDIO,,,X,X,x,x
25-0874,249,11.33,40.33,456.9389,B1L6M13,TRASH / STOR,"C632, C631, C630, C629",COMMON,B1L6M13,TRASH / STOR,"C632, C631, C630, C629",COMMON,,,,X,,
25-0875,250,13.33,40.33,537.5989,B1L6M16,S1.1,642,STUDIO,B1L6M16,S1.1,642,STUDIO,,,X,X,x,x
25-0876,251,11.33,61,691.13,B1L3M33,B1-C,324,LIV / KIT,B1L2M33,B1-C,224,LIV / KIT,,,,,,
25-0877,252,13.33,40.33,537.5989,B1L5M14,S1.1-M,546,STUDIO,B1L5M14,S1.1-M,546,STUDIO,,,,X,x,x
25-0878,253,13.33,40.33,537.5989,B1L6M14,S1.1,646,STUDIO,B1L6M14,S1.1,646,STUDIO,,,,X,x,x
25-0879,254,11.33,57,645.81,B1L2M28,"B1, STOR","228, C222",BED / STOR,B1L2M28,"B1-C, STOR","225, C223",BED / STOR,,,X,,,
25-0880,255,13.33,38.33,510.9389,B1L6M17,S1,640,STUDIO,B1L6M17,S1,640,STUDIO,,,,X,x,x
25-0881,256,11.33,61,691.13,B1L3M32,B1-C,324,BED / BA,B1L2M32,B1-C,224,BED / BA,,,,,,
25-0882,257,11.33,57,645.81,B1L3M28,"B1, STOR","328, C322",BED / STOR,B1L3M28,"B1, STOR","325, C323",BED / STOR,,,X,,,
25-0883,258,13.33,38.33,510.9389,B1L5M18,S1,538,STUDIO,B1L5M18,S1,538,STUDIO,,,,X,x,x
25-0884,259,11.33,57,645.81,B1L5M31,B1,526,BED / BA,B1L5M31,B1-M,523,BED / BA,X,,,,,
25-0885,260,13.33,38.33,510.9389,B1L2M19,S1-M,236,STUDIO,B1L2M19,S1-M,236,STUDIO,,,,X,x,x
25-0886,261,11.33,57,645.81,B1L4M28,"B1, STOR","428, C422",BED / STOR,B1L4M28,"B1, STOR","425, C423",BED / STOR,,,X,,,
25-0887,262,11.33,61,691.13,B1L5M33,B1-C,524,LIV / KIT,B1L4M33,B1-C,424,LIV / KIT,,,,,,
25-0888,263,11.33,56.33,638.2189,B1L2M22,LAUNDRY 2,C226,COMMON,B1L2M22,STOR / ELEC. 2,"C228, C227",COMMON,,,,,,
25-0889,264,11.33,57,645.81,B1L6M31,B1,626,BED / BA,B1L6M31,B1,623,BED / BA,X,,,,,
25-0890,265,11.33,61,691.13,B1L5M32,B1-C,524,BED / BA,B1L4M32,B1-C,424,BED / BA,,,,,,
25-0891,266,11.33,64,725.12,B1L2M23,"B1, STOR","230, C224",BED / STOR,B1L2M23,"C2, STOR","227, C225",BED / BA / STOR,,,,,,
25-0892,267,11.33,57,645.81,B1L5M28,"B1, STOR","528, C522",BED / STOR,B1L5M28,"B1, STOR","525, C523",BED / STOR,,,X,,,
25-0893,268,11.33,64,725.12,B1L3M23,"B1, STOR","330, C324",BED / STOR,B1L3M23,"C2, STOR","327, C325",BED / BA / STOR,,,,,,
25-0894,269,11.33,61,691.13,B1L6M32,B1-C,624,BED / BA,B1L6M33,B1-C,624,LIV / KIT,,,,,,
25-0895,270,13.33,38.33,510.9389,B1L6M18,S1,638,STUDIO,B1L6M18,S1,638,STUDIO,,,,X,x,x
25-0896,271,11.33,64,725.12,B1L4M23,"B1, STOR","430, C424",BED / STOR,B1L4M23,"C2, STOR","427, C425",BED / BA / STOR,,,,,,
25-0897,272,11.33,61,691.13,B1L3M35,A1-M,322,BED / BA,B1L2M35,A1-M,222,BED / BA,,,,,,
25-0898,273,11.33,57,645.81,B1L6M28,"B1, STOR","628, C622",BED / STOR,B1L6M28,"B1, STOR","625, C623",BED / STOR,,,X,,,
25-0899,274,11.33,64,725.12,B1L5M23,"B1, STOR","530, C524",BED / STOR,B1L5M23,"C2, STOR","527, C425",BED / BA / STOR,,,,,,
25-0900,275,11.33,56.33,638.2189,B1L3M22,LAUNDRY 2,C326,COMMON,B1L3M22,STOR / ELEC. 2,"C328, C327",COMMON,,,,,,
25-0901,276,11.33,64,725.12,B1L6M23,"B1, STOR","630, C624",BED / STOR,B1L6M23,"C2, STOR","627, C625",BED / BA / STOR,,,,,,
25-0902,277,11.33,61,691.13,B1L3M34,"B1-C, STOR","324, C319",BED / STOR,B1L2M34,B1-C,"224, C219",BED / STOR,,,,,,
25-0903,278,11.33,64,725.12,B1L2M24,B1,230,LIV / KIT,B1L2M24,C2,227,LIV / KIT,,,,,,
25-0904,279,11.33,57,645.81,B1L2M29,B1,"226, C220",BED / STOR,B1L2M29,B1-M,"223, C221",BED / STOR,,,X,,,
25-0905,280,11.33,64,725.12,B1L3M24,B1,330,LIV / KIT,B1L3M24,C2,327,LIV / KIT,,,,,,
25-0906,281,13.33,38.33,510.9389,B1L2M20,S1,234,STUDIO,B1L2M20,S1,234,STUDIO,,,,X,x,x
25-0907,282,11.33,64,725.12,B1L4M24,B1,430,LIV / KIT,B1L4M24,C2,427,LIV / KIT,,,,,,
25-0908,283,11.33,64,725.12,B1L5M24,B1,530,LIV / KIT,B1L5M24,C2,527,LIV / KIT,,,,,,
25-0909,284,11.33,61,691.13,B1L6M36,A1-M,622,LIV / KIT,B1L6M36,A1-M,622,LIV / KIT,X,,,X,,
25-0910,285,11.33,64,725.12,B1L6M24,B1,630,LIV / KIT,B1L6M24,C2,627,LIV / KIT,,,,,,
25-0911,286,11.33,61,691.13,B1L5M34,B1-C,"524, C519",BED / STOR,B1L4M34,"B1-C, STOR","424, C419",BED / STOR,,,,,,
25-0912,287,11.33,64.83,734.5239,B1L2M25,B1,230,BED / BA,B1L2M25,C2,227,BED / BA / BED,,,,,,
25-0913,288,13.33,38.33,510.9389,B1L3M20,S1,334,STUDIO,B1L3M20,S1,334,STUDIO,,,,X,x,x
25-0914,289,11.33,56.33,638.2189,B1L4M22,LAUNDRY 2,C426,COMMON,B1L4M22,STOR / ELEC. 2,"C428, C427",COMMON,,,,,,
25-0915,290,13.33,38.33,510.9389,B1L3M19,S1-M,336,STUDIO,B1L3M19,S1-M,336,STUDIO,,,,X,x,x
25-0916,291,11.33,57,645.81,B1L3M29,B1,"326, C320",BED / STOR,B1L3M29,B1-M,"323, C321",BED / STOR,,,X,,,
25-0917,292,11.33,64.83,734.5239,B1L3M25,B1,330,BED / BA,B1L3M25,C2,327,BED / BA / BED,,,,,,
25-0918,293,11.33,64.83,734.5239,B1L4M25,B1,430,BED / BA,B1L4M25,C2,427,BED / BA / BED,,,,,,
25-0919,294,11.33,61,691.13,B1L6M34,B1-C,"624, C619",BED / STOR,B1L6M35,S1-M,622,BED / BA,,,,,,
25-0920,295,13.33,38.33,510.9389,B1L4M20,S1,434,STUDIO,B1L4M20,S1,434,STUDIO,,,,X,x,x
25-0921,296,11.33,64.83,734.5239,B1L5M25,B1,530,BED / BA,B1L5M25,C2,527,BED / BA / BED,,,,,,
25-0922,297,13.33,38.33,510.9389,B1L4M19,S1-M,436,STUDIO,B1L4M19,S1-M,436,STUDIO,,,,X,x,x
25-0923,298,11.33,64.83,734.5239,B1L6M25,B1,630,BED / BA,B1L6M25,C2,627,BED / BA / BED,,,,,,
25-0924,299,11.33,57,645.81,B1L4M29,B1,"426, C420",BED / STOR,B1L4M29,B1-M,"423, C421",BED / STOR,,,X,,,
25-0925,300,11.33,57.5,651.475,B1L2M26,B1,228,BED / BA,B1L2M26,B1-C,225,BED / BA,,,,,,
25-0926,301,13.33,38.33,510.9389,B1L5M20,S1,534,STUDIO,B1L5M20,S1,534,STUDIO,,,,X,x,x
25-0927,302,11.33,57.5,651.475,B1L3M26,B1,328,BED / BA,B1L3M26,B1,325,BED / BA,,,,,,
25-0928,303,11.33,57.5,651.475,B1L4M26,B1,428,BED / BA,B1L4M26,B1,425,BED / BA,,,,,,
25-0929,304,13.33,38.33,510.9389,B1L5M19,S1-M,536,STUDIO,B1L5M19,S1-M,536,STUDIO,,,,X,x,x
25-0930,305,11.33,56.33,638.2189,B1L5M22,LAUNDRY 2,C526,COMMON,B1L5M22,STOR / ELEC. 2,"C528, C527",COMMON,,,,,,
25-0931,306,11.33,57.5,651.475,B1L5M26,B1,528,BED / BA,B1L5M26,B1,525,BED / BA,,,,,,
25-0932,307,11.33,61,691.13,B1L3M36,A1-M,322,LIV / KIT,B1L2M36,A1-M,222,LIV / KIT,X,,,,,
25-0933,308,11.33,57.5,651.475,B1L6M26,B1,628,BED / BA,B1L6M26,B1,625,BED / BA,,,,,,
25-0934,309,13.33,38.33,510.9389,B1L6M19,S1,636,STUDIO,B1L6M19,S1,636,STUDIO,,,,X,x,x
25-0935,310,11.33,57.5,651.475,B1L2M27,B1,228,LIV / KIT,B1L2M27,B1-C,225,LIV / KIT,,,,,,
25-0936,311,11.33,57.5,651.475,B1L3M27,B1,328,LIV / KIT,B1L3M27,B1,325,LIV / KIT,,,,,,
25-0937,312,11.33,57,645.81,B1L5M29,B1,"526, C520",BED / STOR,B1L5M29,B1-M,"523, C521",BED / STOR,,,X,,,
25-0938,313,13.33,38.33,510.9389,B1L6M20,S1,634,STUDIO,B1L6M20,S1,634,STUDIO,,,,X,x,x
25-0939,314,11.33,57.5,651.475,B1L4M27,B1,428,LIV / KIT,B1L4M27,B1,425,LIV / KIT,,,,,,
25-0940,315,11.33,57.5,651.475,B1L5M27,B1,528,LIV / KIT,B1L5M27,B1,525,LIV / KIT,,,,,,
25-0941,316,11.33,61,691.13,B1L5M36,A1-M,522,LIV / KIT,B1L4M36,A1-M,422,LIV / KIT,X,,,,,
25-0942,317,11.33,57.5,651.475,B1L6M27,B1,628,LIV / KIT,B1L6M27,B1,625,LIV / KIT,,,,,,
25-0943,318,11.33,57,645.81,B1L6M29,B1,"626, C620",BED / STOR,B1L6M29,B1,"623, C621",BED / STOR,,,X,,,
25-0944,319,11.33,57,645.81,B1L2M30,B1,226,LIV / KIT,B1L2M30,B1-M,223,LIV / KIT,,,,,,
25-0945,320,11.33,56.33,638.2189,B1L6M22,LAUNDRY 2,C626,COMMON,B1L6M22,STOR / ELEC. 2,"C628, C627",COMMON,,,,,,
25-0946,321,11.33,57,645.81,B1L3M30,B1,326,LIV / KIT,B1L3M30,B1-M,323,LIV / KIT,,,,,,
25-0947,322,10.17,38.17,388.1889,B1L6M12,STAIR 3,S3-6,STAIR,B1L6M12,STAIR 3,S3-6,STAIR,,X,,X,,
25-0948,323,11.33,57,645.81,B1L4M30,B1,426,LIV / KIT,B1L4M30,B1-M,423,LIV / KIT,,,,,,
25-0949,324,11.33,57,645.81,B1L6M30,B1,626,LIV / KIT,B1L6M30,B1,623,LIV / KIT,,,,,,
25-0950,325,11.33,61,691.13,B1L5M35,A1-M,522,BED / BA,B1L4M35,A1-M,422,BED / BA,,,,,,
25-0951,326,11.33,57,645.81,B1L5M30,B1,526,LIV / KIT,B1L5M30,B1-M,523,LIV / KIT,,,,,,
25-0952,327,13.33,72,959.76,B1L6M01,S1,656,STUDIO,B1L6M01,S1-C,657,STUDIO,X,,XX,,x,x
